{"cameraMode":{"drawMode":0,"name":"Shaded","section":"Shading Mode"},"sceneLighting":false,"audioPlay":false,"sceneViewState":{"showFog":false,"showMaterialUpdate":false,"showSkybox":false,"showFlares":false,"showImageEffects":false,"showParticleSystems":false},"in2DMode":false,"pivot":{"x":170.10736083984376,"y":175.8785858154297,"z":-52.46859359741211},"rotation":{"x":-0.15788397192955018,"y":-0.7215091586112976,"z":0.17496974766254426,"w":-0.6510627865791321},"size":3.2234981060028078,"orthographic":false}