{"cameraMode":{"drawMode":0,"name":"Shaded","section":"Shading Mode"},"sceneLighting":false,"audioPlay":false,"sceneViewState":{"showFog":false,"showMaterialUpdate":false,"showSkybox":false,"showFlares":false,"showImageEffects":false,"showParticleSystems":false},"in2DMode":false,"pivot":{"x":82.85734558105469,"y":136.22654724121095,"z":4.575325012207031},"rotation":{"x":0.0007178245577961206,"y":-0.9909660220146179,"z":0.13400453329086305,"w":0.0053574624471366409},"size":45.615806579589847,"orthographic":false}