{"cameraMode":{"drawMode":0,"name":"Shaded","section":"Shading Mode"},"sceneLighting":false,"audioPlay":false,"sceneViewState":{"showFog":false,"showMaterialUpdate":false,"showSkybox":false,"showFlares":false,"showImageEffects":false,"showParticleSystems":false},"in2DMode":false,"pivot":{"x":1.3793764114379883,"y":0.9361383318901062,"z":8.87135124206543},"rotation":{"x":0.04149946570396423,"y":-0.9575134515762329,"z":0.18046598136425019,"w":0.22108341753482819},"size":8.322141647338868,"orthographic":false}