{"cameraMode":{"drawMode":0,"name":"Shaded","section":"Shading Mode"},"sceneLighting":false,"audioPlay":false,"sceneViewState":{"showFog":false,"showMaterialUpdate":false,"showSkybox":false,"showFlares":false,"showImageEffects":false,"showParticleSystems":false},"in2DMode":false,"pivot":{"x":1.4830000400543213,"y":0.940138041973114,"z":9.960500717163086},"rotation":{"x":0.04149946570396423,"y":-0.9575134515762329,"z":0.18046598136425019,"w":0.22108341753482819},"size":7.005235195159912,"orthographic":false}