{"cameraMode":{"drawMode":0,"name":"Shaded","section":"Shading Mode"},"sceneLighting":false,"audioPlay":false,"sceneViewState":{"showFog":false,"showMaterialUpdate":false,"showSkybox":false,"showFlares":false,"showImageEffects":false,"showParticleSystems":false},"in2DMode":false,"pivot":{"x":0.1897570937871933,"y":1.0309648513793946,"z":-7.339843273162842},"rotation":{"x":-0.2027532309293747,"y":-0.036127325147390369,"z":0.007485587615519762,"w":-0.9785346388816834},"size":5.36532735824585,"orthographic":false}