{"cameraMode":{"drawMode":0,"name":"Shaded","section":"Shading Mode"},"sceneLighting":false,"audioPlay":false,"sceneViewState":{"showFog":false,"showMaterialUpdate":false,"showSkybox":false,"showFlares":false,"showImageEffects":false,"showParticleSystems":false},"in2DMode":false,"pivot":{"x":-3.384671688079834,"y":3.536886692047119,"z":-4.528920650482178},"rotation":{"x":-0.3700043857097626,"y":-0.625427782535553,"z":0.43564414978027346,"w":-0.5311789512634277},"size":4.925020694732666,"orthographic":false}