{"cameraMode":{"drawMode":0,"name":"Shaded","section":"Shading Mode"},"sceneLighting":false,"audioPlay":false,"sceneViewState":{"showFog":false,"showMaterialUpdate":false,"showSkybox":false,"showFlares":false,"showImageEffects":false,"showParticleSystems":false},"in2DMode":false,"pivot":{"x":96.77606201171875,"y":161.87918090820313,"z":-17.182872772216798},"rotation":{"x":-0.19484403729438783,"y":-0.7522590756416321,"z":0.25465500354766848,"w":-0.5755804777145386},"size":1.6634373664855958,"orthographic":false}