{"cameraMode":{"drawMode":0,"name":"Shaded","section":"Shading Mode"},"sceneLighting":false,"audioPlay":false,"sceneViewState":{"showFog":false,"showMaterialUpdate":false,"showSkybox":false,"showFlares":false,"showImageEffects":false,"showParticleSystems":false},"in2DMode":false,"pivot":{"x":93.74528503417969,"y":162.06773376464845,"z":-14.8890380859375},"rotation":{"x":-0.1360873281955719,"y":-0.8553701639175415,"z":0.4125697910785675,"w":-0.28214946389198305},"size":69.39554595947266,"orthographic":false}