{"cameraMode":{"drawMode":0,"name":"Shaded","section":"Shading Mode"},"sceneLighting":false,"audioPlay":false,"sceneViewState":{"showFog":false,"showMaterialUpdate":false,"showSkybox":false,"showFlares":false,"showImageEffects":false,"showParticleSystems":false},"in2DMode":false,"pivot":{"x":33.83540725708008,"y":-29.230852127075197,"z":47.10292434692383},"rotation":{"x":0.02056235447525978,"y":-0.9731091856956482,"z":0.20834140479564668,"w":0.09607125073671341},"size":20.158506393432618,"orthographic":false}