{"cameraMode":{"drawMode":0,"name":"Shaded","section":"Shading Mode"},"sceneLighting":false,"audioPlay":false,"sceneViewState":{"showFog":false,"showMaterialUpdate":false,"showSkybox":false,"showFlares":false,"showImageEffects":false,"showParticleSystems":false},"in2DMode":false,"pivot":{"x":0.4900461435317993,"y":1.3656222820281983,"z":6.743536949157715},"rotation":{"x":-0.06394436955451966,"y":-0.9329912662506104,"z":0.28647151589393618,"w":-0.20826049149036408},"size":2.5590908527374269,"orthographic":false}