{"cameraMode":{"drawMode":0,"name":"Shaded","section":"Shading Mode"},"sceneLighting":false,"audioPlay":false,"sceneViewState":{"showFog":false,"showMaterialUpdate":false,"showSkybox":false,"showFlares":false,"showImageEffects":false,"showParticleSystems":false},"in2DMode":false,"pivot":{"x":37.49032211303711,"y":33.89662551879883,"z":-26.873577117919923},"rotation":{"x":-0.005324965342879295,"y":-0.9641312956809998,"z":0.2646642327308655,"w":-0.019375279545783998},"size":11.33828353881836,"orthographic":false}