{"cameraMode":{"drawMode":0,"name":"Shaded","section":"Shading Mode"},"sceneLighting":false,"audioPlay":false,"sceneViewState":{"showFog":false,"showMaterialUpdate":false,"showSkybox":false,"showFlares":false,"showImageEffects":false,"showParticleSystems":false},"in2DMode":false,"pivot":{"x":33.00694274902344,"y":33.09388732910156,"z":-24.45964241027832},"rotation":{"x":0.09580755233764649,"y":-0.8828401565551758,"z":0.2057032287120819,"w":0.4112183153629303},"size":18.521203994750978,"orthographic":false}