{"cameraMode":{"drawMode":0,"name":"Shaded","section":"Shading Mode"},"sceneLighting":false,"audioPlay":false,"sceneViewState":{"showFog":false,"showMaterialUpdate":false,"showSkybox":false,"showFlares":false,"showImageEffects":false,"showParticleSystems":false},"in2DMode":false,"pivot":{"x":181.6914520263672,"y":170.21209716796876,"z":-47.297386169433597},"rotation":{"x":-0.004282948095351458,"y":-0.9896945357322693,"z":0.13988420367240907,"w":-0.030311834067106248},"size":10.089519500732422,"orthographic":false}