{"cameraMode":{"drawMode":0,"name":"Shaded","section":"Shading Mode"},"sceneLighting":false,"audioPlay":false,"sceneViewState":{"showFog":true,"showMaterialUpdate":false,"showSkybox":false,"showFlares":true,"showImageEffects":true,"showParticleSystems":true},"in2DMode":false,"pivot":{"x":0.11470115184783936,"y":1.360395908355713,"z":6.56461238861084},"rotation":{"x":-0.007932081818580628,"y":0.990958571434021,"z":-0.11527641117572785,"w":-0.0681879073381424},"size":3.7590906620025636,"orthographic":false}