{"cameraMode":{"drawMode":0,"name":"Shaded","section":"Shading Mode"},"sceneLighting":true,"audioPlay":false,"sceneViewState":{"showFog":true,"showMaterialUpdate":false,"showSkybox":true,"showFlares":true,"showImageEffects":true,"showParticleSystems":true},"in2DMode":false,"pivot":{"x":1.20166015625,"y":1.9967141151428223,"z":-2.3927786350250246},"rotation":{"x":-0.08059974014759064,"y":0.9134775400161743,"z":-0.22239162027835847,"w":-0.3310655951499939},"size":4.807394981384277,"orthographic":false}